cod_cliente,nm_cliente,nm_pais_cliente,nm_cidade_cliente,nm_rua_cliente,num_casa_cliente,num_telefone_cliente,dt_nascimento_cliente,dt_atualizacao,tp_pessoa,vl_renda,anomesdia
2,APRIL SANDOVAL,United States of America,Dianaburgh,Brian Inlet,2721,(82)23630-7260,1958-08-19,2025-01-27,PF,9185.91,20260710
5,APRIL SHAW,Sri Lanka,Lindaville,Brad Vista,13916,(83)25671-9895,1982-07-22,2025-03-06,PF,3131.33,20260710
6,DANIEL PETERSON,Slovenia,Bernardville,Jackson Park,6322,(13)84530-9656,1964-11-06,2025-03-25,PJ,30982.69,20260710
7,MICHAEL WEISS,French Guiana,Harttown,Stacy Keys,7546,(68)43165-3031,1959-10-20,2024-09-07,PJ,42579.02,20260710
8,KATHLEEN WILSON,Tokelau,Lake Benjaminview,Hammond Gateway,4204,(52)47386-5738,1962-12-17,2025-02-21,PF,4268.99,20260710
16,JEANETTE PETERSON,Timor-Leste,South Teresashire,Dylan Common,2402,(23)45478-8923,1992-12-21,2024-08-14,PF,8023.50,20260710
17,JILL AVERY,Micronesia,Torresview,Collins Road,370,(97)68049-8598,1971-02-10,2024-08-19,PJ,86851.53,20260710
18,MICHELLE HOWARD,Western Sahara,North Richardfurt,Michael Islands,6436,(73)40000-1019,1998-09-06,2025-02-28,PF,4103.78,20260710
19,GEORGE LOPEZ,Tanzania,Davidfurt,Jerry Alley,6752,(53)12959-3727,1991-08-14,2024-06-13,PJ,44115.16,20260710
25,JUSTIN CHAVEZ,Poland,New Troystad,Micheal Square,520,(82)88290-5778,1982-07-07,2024-08-02,PJ,22609.21,20260710
30,JEFFREY WEISS,Mayotte,West Jamesbury,Moran Junction,93588,(79)20205-3974,1996-01-03,2025-03-10,PJ,98698.60,20260710
31,DOMINIC RICHARDS,Iran,Port Wayneburgh,Alicia Well,42833,,1981-09-06,2025-02-15,PJ,73652.38,20260710
33,KEVIN TURNER,Bahamas,East Victoria,Barnes Walks,3439,(45)81688-7869,1989-05-09,2024-11-28,PF,9687.22,20260710
35,LOGAN DELGADO,British Indian Ocean Territory (Chagos Archipelago),Martinburgh,Dodson Villages,710,,1985-07-14,2024-05-25,PF,6029.84,20260710
36,AMBER DAVILA,Grenada,North Karenburgh,Monica Mountains,31798,(98)41437-3084,1946-02-27,2025-02-01,PJ,53788.52,20260710
37,CATHERINE LOGAN,Haiti,New Brandon,Tracy Passage,62690,(15)28293-8862,1946-05-03,2024-05-06,PF,6888.32,20260710
40,SHELLY HALL,Mauritania,East Jeremy,Stevens Isle,870,(42)93255-8174,1983-05-20,2024-08-04,PJ,51809.74,20260710
41,MATTHEW MEJIA,Martinique,East Nicholasview,Jessica Pines,80310,(66)42819-9537,1975-09-19,2024-11-11,PJ,53415.03,20260710
42,KELLY VALDEZ,Western Sahara,North Charleschester,Kendra Trafficway,301,(16)59437-6186,1968-03-27,2024-07-17,PJ,82100.40,20260710
43,SARAH JONES,Liechtenstein,New Tiffany,William Village,70450,(68)46724-9692,1989-08-27,2024-07-16,PF,8930.38,20260710
44,HEATHER LEE,Saudi Arabia,Archerview,Hutchinson Rue,320,(80)12928-9087,1993-11-13,2025-04-03,PF,5388.93,20260710
45,KENT REED,Northern Mariana Islands,Davisborough,Juarez Brooks,2800,(78)84133-6961,1994-04-21,2024-04-26,PF,7018.40,20260710
48,KAYLA GOOD,Timor-Leste,Port Victoria,Lisa Shores,662,(30)14766-1027,1951-08-26,2024-06-10,PF,3582.45,20260710
52,MRS. CYNTHIA MORTON,Comoros,Taylormouth,Robert River,8377,(97)44342-3590,1992-07-12,2025-01-26,PJ,88560.81,20260710
54,BARBARA TUCKER,Afghanistan,Tamaraborough,Nguyen Lane,660,(95)20288-5472,1951-05-28,2024-09-08,PF,9485.05,20260710
58,CARMEN MAYS,Mali,Gonzalezstad,Martinez Spurs,77603,(65)24960-7901,1953-06-07,2024-09-12,PF,2178.81,20260710
60,ROSE BURGESS,Guatemala,Robertchester,Cindy Parks,49541,,1958-01-05,2024-04-27,PF,1138.67,20260710
61,MICHAEL KLEIN,Slovenia,East Sarah,Day Mall,862,(35)55330-2346,1962-05-02,2024-08-03,PJ,31529.55,20260710
64,MATTHEW BLEVINS,Romania,New Jeffrey,Hurley Spurs,5092,,1994-04-05,2025-03-04,PJ,32696.81,20260710
65,LINDSAY COPELAND,Dominica,Kathrynside,Sanchez Bypass,6342,(56)56097-9353,1946-05-02,2025-01-15,PF,4539.12,20260710
66,KATHERINE PRATT,Switzerland,Smithbury,Robert Loaf,9266,(56)28833-3259,1950-08-01,2024-07-23,PF,6552.94,20260710
69,ALEXANDER ROBINSON,Benin,Starkland,Cheryl Islands,409,(35)79161-7028,1963-11-26,2024-05-02,PF,2810.31,20260710
70,KARLA LYNCH,Cambodia,Sherryburgh,Ashley Turnpike,36568,(25)74804-5625,1954-09-09,2024-07-30,PF,9473.47,20260710
71,JOSE DAVIS,Australia,Hartfort,Michelle Fork,969,,1954-05-09,2025-01-31,PF,3121.30,20260710
74,JOHN BROWN,Swaziland,Lake Sara,Choi Course,17813,(25)47261-5664,1951-05-11,2024-11-28,PF,9572.85,20260710
77,MARK BROWN,Dominica,Perkinsland,Johnson Tunnel,98702,(56)20378-8578,1995-09-15,2024-11-07,PJ,90755.80,20260710
82,MICHAEL NICHOLS MD,Rwanda,East Thomastown,Christopher Squares,95853,(74)27496-9834,1960-05-10,2024-12-01,PF,7415.18,20260710
88,MICHELLE LITTLE,Christmas Island,West Williamside,Eric Ridge,980,(59)23862-9246,1956-12-27,2024-05-01,PF,2931.89,20260710
91,DR. LINDA BROOKS,Reunion,South John,Hatfield Trail,63755,(30)70457-6523,1965-04-02,2024-09-09,PF,3949.92,20260710
93,CARLY COOPER,Indonesia,East Melissa,Joann Meadow,6780,(59)64996-1685,1972-06-16,2025-03-16,PJ,97777.42,20260710
96,LORI WOLFE,San Marino,East Richard,Taylor Island,1155,(14)62841-1416,1966-07-05,2024-09-06,PJ,30876.76,20260710
99,CHARLES COSTA,Gabon,Lisaview,Peterson Place,92945,(89)63417-6693,1959-02-19,2025-02-13,PJ,97671.80,20260710
100,KATHY BERG,Mauritania,Taylorstad,Matthew Valleys,748,(70)53752-5567,1951-09-28,2025-02-01,PF,2114.06,20260710
102,GARY BAKER,British Virgin Islands,South Scotthaven,Bishop Mount,9908,(11)79634-8754,1973-03-14,2024-07-23,PF,7713.03,20260710
106,TYLER BLACK,Saint Martin,New Tanya,Jean Vista,508,(19)89048-1969,1955-11-23,2024-08-16,PJ,87990.44,20260710
107,KATHRYN STEWART,Afghanistan,South Dianemouth,Valerie Hill,6743,(67)66192-1681,1972-08-26,2024-09-11,PJ,85494.87,20260710
108,AMY HOUSTON,Senegal,New Dariusfort,William Port,555,,2000-07-07,2024-04-11,PJ,83746.92,20260710
109,JOHN ELLIOTT,Lithuania,South David,Johnson Meadows,965,(12)85043-4513,1996-10-18,2024-10-30,PF,6070.27,20260710
121,JOHN MARTIN,Egypt,Port Johnmouth,Karen River,77887,(90)60100-9148,1950-11-26,2024-10-03,PF,5613.23,20260710
122,LEE JONES,Faroe Islands,Whitetown,Elizabeth Plaza,20021,(67)37188-7531,1969-04-10,2024-08-25,PF,7309.69,20260710
126,MICHELLE MEDINA,Burundi,Heathburgh,Escobar Vista,5780,(15)72591-6630,1949-11-30,2024-08-25,PF,5507.59,20260710
127,LORI NIXON,Yemen,Davidton,Bullock Loaf,96165,(54)65498-5904,1944-10-15,2024-12-02,PF,7287.55,20260710
128,TYLER BRUCE,Vanuatu,Shawnchester,Barnes Mission,1886,(86)85466-5873,1948-02-08,2025-02-23,PF,2913.93,20260710
140,MICHAEL RICE,Czech Republic,Port Angela,Nathan Rest,5389,(67)37204-1364,1953-10-15,2024-09-11,PJ,86616.85,20260710
143,NICOLE STEWART,Panama,Kingburgh,Bates Lock,995,(71)36454-9466,1977-04-02,2024-11-20,PF,5042.14,20260710
153,JASON DAVIS,Liberia,Lisaside,Peterson Tunnel,66311,(10)56434-4201,2005-11-15,2024-11-02,PJ,59124.00,20260710
154,STEVEN RICHARDS,United Kingdom,New Katherinefurt,Cook Well,60518,(51)44240-9722,1951-12-18,2025-01-04,PJ,68204.36,20260710
161,TONYA THOMPSON,Guyana,Owensstad,Morgan Meadow,44909,(44)30227-5229,1968-07-03,2024-12-28,PJ,24600.23,20260710
165,KATHRYN TUCKER,Wallis and Futuna,Robertland,Brandon Streets,16564,(44)86546-2730,1955-12-29,2025-04-02,PJ,12983.50,20260710
167,ANDREW MANNING,Cameroon,New Gordonshire,Matthew Curve,911,(52)39634-8318,1967-07-09,2024-10-11,PJ,50835.55,20260710
172,TERRI DAVIS,Saint Vincent and the Grenadines,Sarahtown,Sharon Forge,64892,(94)70488-9385,1973-06-27,2024-09-03,PF,9454.85,20260710
173,STEVEN WILLIAMS,Canada,North Judith,Ellis Freeway,500,,2002-11-22,2025-01-05,PJ,53943.58,20260710
175,JASON DUNN,Saint Helena,Kerrytown,Gonzalez Mountain,189,,1970-03-22,2024-12-22,PF,7647.96,20260710
177,SIERRA QUINN,Zambia,Melindatown,James Run,6471,(45)88202-7887,1954-08-09,2025-03-03,PJ,69799.53,20260710
178,MR. NICOLAS ENGLISH,El Salvador,South Antonio,Williams Wall,822,(40)86658-7510,1964-08-29,2024-08-28,PJ,56158.08,20260710
180,JEFFREY ROSALES,Tajikistan,Danielmouth,Rachel Forks,48868,(27)95753-8151,1970-02-09,2024-08-07,PF,4591.86,20260710
181,RACHEL JIMENEZ,Guatemala,Bennettbury,Brandon Harbors,6311,(86)79333-3205,1964-09-06,2024-12-20,PJ,14882.61,20260710
182,STEPHEN CASE,Botswana,Reynoldsland,Davis Hill,747,(73)48061-6760,2000-05-11,2024-07-27,PJ,93614.00,20260710
183,SPENCER MOORE,Andorra,Stephanieborough,Kelly Spurs,531,(61)23579-8230,1983-09-13,2024-04-10,PJ,62400.13,20260710
185,LESLIE ALVARADO,Kyrgyz Republic,Rhondatown,Melissa Turnpike,1288,(76)74557-1181,1997-03-22,2024-06-05,PF,1970.88,20260710
190,NOAH STONE,Suriname,Martinview,Huerta Lock,296,(93)69452-5359,1966-09-09,2024-11-29,PJ,64615.03,20260710
191,KENNETH WHITE,Czech Republic,North Edward,Clark Valleys,81766,(58)72825-4741,1990-02-01,2024-09-20,PJ,19330.33,20260710
194,STEVEN CARPENTER,South Georgia and the South Sandwich Islands,Kristyfurt,Heather Ports,2789,(76)74023-9132,1999-04-11,2024-12-31,PF,6676.36,20260710
195,REBECCA WARREN,Belize,North Melissa,Melissa Falls,9932,,1958-02-22,2025-01-08,PF,1127.90,20260710
197,COLLEEN BROOKS,Guam,New Amberview,Wiggins Street,292,(55)26993-5273,1991-11-03,2024-11-17,PF,5621.40,20260710
200,KRISTEN LYNN,Belize,New Michaelton,Antonio Mall,18314,(21)10662-8616,1993-04-24,2025-03-19,PF,1745.49,20260710
202,JOHN FISHER,Syrian Arab Republic,Thompsonmouth,Sean Unions,38,(87)46749-7229,1987-12-29,2025-01-15,PJ,55400.22,20260710
212,COURTNEY ROMAN,Cook Islands,Kennedyburgh,Graham Dam,79249,,1947-12-30,2024-09-19,PJ,37668.95,20260710
213,JULIA WASHINGTON,Heard Island and McDonald Islands,North Linda,Mcpherson Lodge,76490,(78)77206-5001,1997-06-30,2025-02-07,PJ,54200.37,20260710
214,JAMES EVANS,Yemen,North Robertside,Justin Course,262,(18)83883-6902,1954-06-23,2025-02-28,PF,8516.20,20260710
215,WILLIAM ROBERTS,South Georgia and the South Sandwich Islands,Munozfurt,Kyle Island,95126,(75)47914-4988,1946-08-18,2024-05-27,PF,4170.38,20260710
216,JEFFREY STRICKLAND,Somalia,West Timothyport,Diane Port,878,(85)80426-2080,1960-05-07,2024-04-25,PJ,80812.99,20260710
222,MARCUS YOUNG,Tunisia,Clarkmouth,Jennifer Stream,140,(77)74658-7182,1977-03-02,2024-05-20,PF,8744.68,20260710
225,MICHELE ROBERTSON MD,Australia,Lake Robert,Bowman Prairie,7567,(65)22968-3533,1968-04-14,2024-11-14,PJ,19645.91,20260710
227,CHRISTIAN HOLLAND,Falkland Islands (Malvinas),Josephmouth,Hawkins Cape,252,(39)76162-9459,1979-05-13,2025-04-04,PF,6955.53,20260710
229,LINDSEY JACKSON,United States Minor Outlying Islands,South Zacharyfurt,Porter Stravenue,259,(90)62635-5625,1959-05-05,2024-05-25,PJ,82796.67,20260710
231,RYAN BURGESS,Zimbabwe,Lake Susanfort,Adrienne Roads,855,(50)94550-1974,1953-03-20,2024-09-06,PJ,76668.26,20260710
233,BRUCE AYALA,Germany,Fletcherborough,Adam Manors,8537,(54)31511-2751,1982-06-21,2024-05-02,PF,5944.07,20260710
236,VICTORIA LARSON,China,Lake Michaelport,Kimberly Branch,57127,(98)64726-9165,1949-08-13,2024-11-10,PF,6556.59,20260710
244,AMY WEAVER,Tunisia,New Sydneyshire,Tracy Light,0,(89)64099-6639,1957-06-19,2024-04-05,PJ,38047.44,20260710
248,BRITTANY PETTY,Ukraine,North Andrewborough,William Walks,27690,(37)33469-8974,1946-10-04,2024-08-22,PJ,40505.60,20260710
253,MARC DIAZ,Cayman Islands,Hannahview,Donald Passage,615,(60)51163-8635,1961-02-14,2024-11-07,PF,8856.34,20260710
254,STEVEN HAYNES,Botswana,East Ronaldshire,Cindy Route,5851,(15)30170-1603,1970-08-08,2024-05-23,PJ,98546.46,20260710
256,WALTER BURTON,Tajikistan,Danielmouth,Yang Corners,8741,(76)41173-2045,2000-10-24,2024-08-24,PJ,37768.31,20260710
260,MARY PEREZ,Finland,Port Josestad,Solis Dale,192,,1978-02-20,2025-03-22,PF,7642.67,20260710
261,DAN ANDERSON,Cote d'Ivoire,Erikaside,Santiago Mall,87642,(67)15362-7201,2003-02-22,2024-11-01,PJ,36560.78,20260710
262,STEVEN FUENTES,Azerbaijan,Alfredfort,Jonathan Parkway,851,(77)59053-4245,1969-07-06,2024-05-19,PJ,62020.84,20260710
263,CHRISTOPHER KRAUSE,Saint Lucia,Port Melissa,Gallagher Squares,596,,1992-07-10,2024-05-21,PF,2395.80,20260710
265,KRISTIE WHITE,Monaco,Davidbury,Simmons Walk,9713,(85)59840-4983,1965-09-16,2024-12-30,PJ,11594.70,20260710
267,WILLIAM HUGHES,Mongolia,Taylorview,Daniel Inlet,72089,(70)40026-9752,2006-12-08,2025-01-20,PF,8877.67,20260710
270,WILLIAM CLARK,Wallis and Futuna,Lisafort,Justin Meadows,2615,(50)90059-7440,1986-05-26,2024-06-07,PJ,53559.79,20260710
271,RENEE MERRITT,Montserrat,Martinville,Lisa Motorway,115,(29)48887-5523,1951-09-27,2024-07-02,PF,8980.82,20260710
274,MELINDA JONES,United States Minor Outlying Islands,Jonesburgh,Justin River,81131,,1994-11-15,2025-03-21,PJ,21187.28,20260710
278,CHRISTINE BROWN,Bolivia,Port Laurenmouth,Wright Causeway,43088,(91)36395-4792,1964-03-27,2024-08-23,PF,4562.99,20260710
280,FERNANDO CARR JR.,Mongolia,Port Peter,Sandra Common,2047,(48)34380-2355,1966-11-11,2024-07-30,PJ,14940.63,20260710
281,MATTHEW RAMOS MD,Vietnam,Scottside,Conner Key,7750,(43)18565-4423,1989-06-23,2025-01-21,PF,9191.76,20260710
287,JUSTIN WANG,Cambodia,Port Angeltown,Kimberly Trace,61062,,1991-11-21,2025-02-24,PF,1864.69,20260710
291,KATIE CROSS,Western Sahara,Port Grantland,Annette Crescent,5011,(62)22509-9828,1993-02-25,2024-12-26,PF,6599.62,20260710
294,JEREMY LEE,Tajikistan,Williamsmouth,Timothy Via,4186,(31)87507-4192,1950-02-26,2024-12-21,PF,9631.78,20260710
295,JOSHUA CARR,Lesotho,Williamsview,Jason Springs,44355,(20)55455-3844,1980-08-26,2025-03-18,PJ,44113.78,20260710
296,SUZANNE KIM,New Zealand,North Brian,Pierce Junctions,17705,(91)63036-2566,1994-10-09,2025-04-01,PJ,54751.12,20260710
300,JAMES PITTS,Austria,Brianbury,Katie Cape,69,(18)67029-3005,2005-08-10,2024-04-06,PF,1202.61,20260710
301,MATTHEW HOPKINS,Sierra Leone,North Brianville,Andrew Square,3874,(60)25815-7632,1969-06-02,2024-07-13,PJ,35378.36,20260710
306,SCOTT HARRIS,British Indian Ocean Territory (Chagos Archipelago),East Michaelbury,Campbell Road,3123,(83)71508-1269,1948-07-10,2024-12-11,PJ,99349.18,20260710
307,MARTIN BARNETT,Zimbabwe,Lake Louisberg,Judy Circle,79,(58)50595-6519,1981-12-15,2024-10-01,PJ,79301.67,20260710
309,AMANDA VILLA,Antarctica (the territory South of 60 deg S),Martinezburgh,Butler Trail,86008,(44)17214-5354,1972-05-25,2024-07-30,PJ,63371.12,20260710
314,PAUL COX,Western Sahara,North Katiemouth,Rodriguez Tunnel,5555,(52)49007-3618,1947-12-24,2025-03-13,PJ,92027.28,20260710
317,CASSANDRA SNYDER,Micronesia,North Charlesport,Jill Point,61,(63)86730-8097,1984-09-20,2025-03-10,PJ,91400.22,20260710
318,MICHELLE GORDON,Montenegro,Huangshire,Sandra Ford,68865,,1976-07-05,2025-01-21,PF,4770.24,20260710
322,MATTHEW RODRIGUEZ,Botswana,Mollyville,Collins Road,66635,(46)36671-8336,1986-10-12,2025-04-02,PF,2907.67,20260710
324,THOMAS MURILLO,Congo,Port Danielburgh,Ryan Squares,89835,(56)65796-9705,1950-10-07,2024-08-01,PJ,19115.72,20260710
326,TRACY COX,Ukraine,Lisaville,Wagner Stravenue,31,(37)34958-9117,1950-12-04,2024-07-22,PF,5967.25,20260710
331,JUSTIN MEDINA,Indonesia,Lunabury,Elizabeth Place,141,(93)97558-6036,1947-10-13,2025-03-17,PF,5668.52,20260710
334,CHRISTOPHER HUFFMAN,Vanuatu,Lake Allenport,Stephanie Street,8322,(32)70028-8096,2000-10-14,2025-03-16,PF,1985.20,20260710
341,NICOLE COLEMAN,Mozambique,Sheaberg,Melissa Valley,222,(42)93974-3090,1961-09-06,2025-01-24,PJ,55985.24,20260710
345,KATHY RAY,British Indian Ocean Territory (Chagos Archipelago),New Briannachester,Corey Lane,6737,(31)98547-9492,1992-11-12,2025-01-17,PF,2621.58,20260710
349,JENNIFER GARCIA,Gibraltar,New Andrew,Owen Ports,67999,(31)30173-1547,1986-09-07,2024-11-11,PJ,89843.93,20260710
350,MONICA HOWARD,Spain,Liufurt,Laura Lake,76544,(75)21389-5139,1995-12-22,2024-10-13,PJ,78335.71,20260710
353,LAURA HEATH,Djibouti,Sextonstad,Jonathon Lake,73234,(20)32055-1323,1955-05-11,2024-07-10,PJ,98259.23,20260710
357,CARLOS FRANCIS,British Virgin Islands,East Tony,Wheeler Ridges,99077,(38)47091-5324,1955-10-17,2024-07-04,PJ,47726.41,20260710
362,JENNIFER PITTMAN,Niger,West Anitamouth,James Orchard,50409,(36)67133-8754,2005-07-24,2024-10-28,PF,9200.34,20260710
366,HOLLY NIELSEN,Togo,North Sabrinaland,David Divide,2835,(32)35812-5303,1992-11-04,2025-02-23,PF,3030.54,20260710
369,AUSTIN DELACRUZ,North Macedonia,East Scott,Moss Dale,5461,(92)77783-1027,1950-12-28,2024-05-20,PJ,13560.55,20260710
371,JUSTIN ALLEN,United States Minor Outlying Islands,North Staceymouth,Kristina Hills,482,,2001-04-07,2024-08-06,PJ,36817.06,20260710
372,LAURA VALENTINE,Central African Republic,North Kelly,Joseph Inlet,8790,,1989-08-15,2024-12-25,PF,5436.87,20260710
376,CYNTHIA HAMILTON,Suriname,Allenland,Matthew Square,8957,(27)84408-6934,1983-04-14,2024-10-09,PJ,73406.99,20260710
377,GABRIELA MORRIS,Cote d'Ivoire,Lake Jessicaburgh,Karen Valleys,266,(98)32094-8933,1987-05-01,2024-11-16,PJ,29038.08,20260710
382,ASHLEY ROLLINS,Ethiopia,Tammyfort,Monica Avenue,50154,(67)60371-1932,2000-08-24,2024-04-14,PF,5578.79,20260710
383,ANDREW JACKSON,Moldova,Lake Brianaburgh,Ponce Shores,38146,(67)56698-1023,1976-10-11,2024-09-28,PF,4667.83,20260710
387,ADAM KNAPP,Honduras,New David,James Glens,543,(84)23560-2225,1961-08-14,2025-01-24,PF,6410.71,20260710
388,MONIQUE BOOTH,Hong Kong,Pittsfurt,Crystal Forge,347,(58)98605-6315,1997-06-14,2024-08-16,PF,4617.18,20260710
392,JULIE WRIGHT,Canada,North Melissaberg,Roberts Villages,4405,(49)59898-2080,1956-03-13,2024-04-07,PF,8167.42,20260710
393,KEVIN WARD,Turks and Caicos Islands,Johnsonmouth,Jones Gardens,6644,(15)52050-3895,1962-10-08,2024-11-04,PF,1375.66,20260710
395,ALEJANDRO HOGAN,Nicaragua,Jonathantown,Angela Turnpike,941,(24)84375-1454,1949-05-27,2024-12-10,PF,2373.24,20260710
396,SARAH ALLEN,Seychelles,North Melissabury,Burke Grove,249,(39)32960-8465,2001-10-12,2025-04-02,PJ,37091.67,20260710
398,KEVIN STOUT,United Kingdom,Rodriguezbury,Khan Ranch,2756,(22)88949-1253,1999-03-05,2025-01-06,PJ,32632.58,20260710
401,WILLIAM PORTER,Martinique,Mistyside,Davis Ford,63176,(89)88329-3803,1952-11-10,2024-06-30,PF,6985.59,20260710
405,JOSHUA WHITE,Hong Kong,Samuelview,Hubbard Harbor,11566,(39)15579-8253,1983-08-23,2024-06-28,PJ,77827.36,20260710
406,TERESA BARRETT,Swaziland,Justinburgh,Matthew Mountain,776,(21)96076-8015,1950-10-18,2025-03-25,PJ,32362.45,20260710
407,MR. CRAIG MARTINEZ DDS,Uzbekistan,Christopherton,Bush Park,210,(96)69908-8867,1981-07-26,2025-03-26,PJ,87212.66,20260710
412,CHRISTINA VALDEZ,Belize,Weberfurt,Jo Viaduct,767,(91)17875-8041,1998-12-28,2024-08-12,PJ,43054.10,20260710
414,CLAYTON THOMAS,Austria,West Dianaville,Nelson Road,887,(44)28074-9437,1989-06-08,2024-11-17,PF,2219.98,20260710
415,MICHAEL DYER,Western Sahara,West Tyler,Nancy Mill,2728,(25)51633-1869,1956-06-08,2024-11-03,PF,4801.25,20260710
417,THOMAS JOYCE,Lithuania,Wilsonhaven,Reynolds Wells,77435,(65)81348-4552,1981-01-17,2024-12-05,PJ,18828.24,20260710
418,THOMAS TAYLOR,Finland,Lake Darrelltown,Michelle Pines,9122,(78)60649-5923,1981-03-27,2024-09-19,PF,3087.21,20260710
419,ANDREA ROBERTS,Madagascar,Stoneburgh,Tran Port,5919,(85)19538-5969,1994-02-13,2024-06-23,PJ,74896.65,20260710
421,CRYSTAL SMITH,Oman,Eatonside,Adam Circles,568,(72)67197-4043,1963-03-31,2024-04-30,PF,7442.39,20260710
422,STEPHANIE VAZQUEZ,Isle of Man,Markhaven,Leslie Falls,823,(93)95490-3116,1986-02-11,2024-11-18,PF,2876.28,20260710
423,JOSHUA RUIZ,Solomon Islands,Greenton,Collier Plain,2651,(44)84233-2976,2007-03-01,2025-03-04,PJ,59083.75,20260710
426,ANGELA WATERS,Angola,North Brendaton,Davis Valley,79871,(92)94001-5430,1984-11-28,2025-03-12,PJ,35105.53,20260710
434,ELIZABETH THOMAS,Liberia,Jenniferstad,Ray Trafficway,49600,(10)17754-2343,1955-10-02,2024-08-14,PJ,31438.02,20260710
435,SHELBY MORAN,Colombia,Craigbury,Velez Island,425,(57)47470-2562,1955-06-25,2024-12-29,PF,7310.98,20260710
436,ELIZABETH KELLEY,Belize,Bakermouth,Kimberly Oval,22995,(11)99638-4803,1962-07-06,2024-09-18,PJ,13480.61,20260710
440,EDWARD VINCENT,Namibia,Aimeetown,Ramos Brook,72527,(55)85318-3044,1978-11-24,2024-07-12,PJ,93264.24,20260710
441,DANA WALTER,Palau,Sarahborough,Baker Port,797,(13)48104-2002,1945-02-21,2024-04-29,PF,4108.30,20260710
443,ELIZABETH JENSEN,Georgia,Mckeefurt,Miller Union,25,(11)68968-8823,1960-04-12,2024-05-05,PF,8297.44,20260710
446,TONYA HENDERSON,Hungary,Jessicafort,Pamela Radial,902,(12)92984-3706,1976-09-14,2025-01-30,PJ,53113.64,20260710
447,DAVID REID,Samoa,West Pamelaside,Gonzalez Trace,9296,(47)89808-7873,1978-04-07,2024-09-29,PJ,76712.49,20260710
449,LORRAINE CAMPBELL MD,Maldives,Kathrynland,Brown Plains,5647,(82)80989-4062,1945-10-30,2024-10-25,PJ,79747.16,20260710
451,JOSHUA MORTON,Argentina,North Brettview,Troy Camp,31821,(30)79161-5832,1984-06-12,2025-04-03,PF,7257.65,20260710
453,DANIEL WHITE,Ethiopia,East Richardchester,Richard Points,48727,,1968-05-03,2024-07-04,PF,6571.92,20260710
457,MONICA BLANCHARD,Colombia,Matthewmouth,Aguilar Burg,69239,(40)45080-5303,1948-03-29,2025-01-03,PF,5585.90,20260710
461,DR. SUSAN GONZALEZ,Lebanon,Alexanderberg,Collins Rue,53302,(16)53697-7767,1978-09-03,2024-04-18,PJ,46933.86,20260710
462,JANET DECKER,Chad,New Aprilfort,Mary Station,2933,(46)23936-8832,1965-09-22,2024-11-20,PF,3249.46,20260710
463,RYAN LEWIS,Bermuda,Philipville,Lamb Island,181,,1998-05-21,2025-03-22,PJ,78598.85,20260710
464,CALVIN BARNETT,Guyana,Lake Davidview,Kenneth Ridge,91270,(15)10563-2701,1967-01-04,2025-03-07,PJ,36183.52,20260710
465,DOMINIQUE ANDERSON,Malta,Aprilborough,Amber Shores,62499,(84)58489-3940,1954-09-24,2024-07-23,PF,7909.54,20260710
467,JACOB MARTIN,Burkina Faso,West Kathrynville,Jo Wall,78577,(19)28117-8307,1985-08-30,2024-11-22,PJ,74286.76,20260710
476,LAWRENCE BENNETT,Togo,Port Duane,Diane Fort,840,(74)45689-6992,1971-09-09,2025-01-13,PF,4984.59,20260710
477,CARLOS BRADY,Tajikistan,Kimberlyburgh,Eric Pine,1495,(97)23383-4762,1965-03-30,2025-01-21,PJ,16712.13,20260710
479,JASMINE BAUTISTA,Micronesia,Elizabethville,Rhodes Spring,257,(52)89525-1429,1990-12-20,2024-08-16,PF,6471.28,20260710
480,NATASHA COOK,Vietnam,Millerville,Steven Trafficway,572,(17)88338-9660,2006-12-22,2025-01-18,PJ,79182.56,20260710
484,RICHARD STANLEY,Switzerland,New Melanieshire,Michael Fork,9954,(23)92703-3463,1987-04-16,2024-08-17,PJ,57508.51,20260710
485,CYNTHIA HARRIS,Macao,East Cheryl,Rice Court,60744,(25)31099-1098,2000-08-28,2024-07-30,PJ,84908.42,20260710
488,COREY SANDERS,Cayman Islands,Port Jackshire,Lisa Walks,8982,(32)31207-6430,1948-02-06,2024-12-06,PJ,44880.98,20260710
490,AUTUMN WARD,Dominica,Kaylafort,Smith Mews,28862,(51)79516-2095,1989-02-19,2025-02-11,PF,2680.85,20260710
494,SHANNON THOMAS,Tokelau,Lake Gregory,Miller Club,129,(19)93729-9145,1954-08-16,2024-09-16,PJ,17128.82,20260710
500,KRISTINA HILL,Turks and Caicos Islands,Davidmouth,Gomez Fall,7981,(67)83544-8363,1950-08-21,2025-02-02,PJ,65236.35,20260710
502,MICHAEL MILLER,Dominican Republic,New Ginafurt,Campbell Drive,942,(37)35006-6212,1959-12-20,2025-03-19,PF,8631.54,20260710
503,MATTHEW GARCIA,Saint Barthelemy,Michaelview,Phillips Divide,44795,(55)87392-3914,1992-11-26,2025-03-24,PF,6998.38,20260710
506,CORY JOHNSON,Sudan,West Charlesborough,Amy Cove,436,(79)40754-5697,1946-01-02,2024-06-24,PJ,63608.98,20260710
508,JOSEPH SANDERS,Libyan Arab Jamahiriya,North Davidshire,Washington Causeway,24693,,1996-12-08,2025-03-21,PJ,38361.41,20260710
509,LISA SCOTT,Namibia,Tatetown,Dawson Causeway,29468,(37)34304-1459,1994-08-23,2025-02-08,PF,4090.94,20260710
511,BRANDY CAMPBELL,Luxembourg,Annettefort,Keith Motorway,163,(23)47483-3628,1960-02-20,2024-05-20,PJ,57399.33,20260710
514,KRISTINA GLOVER,Solomon Islands,East Danny,Thomas Landing,7616,,1973-09-19,2025-01-20,PF,2653.13,20260710
515,KRYSTAL SCHNEIDER,Monaco,Meghanburgh,Christopher Estate,702,(12)33162-8681,1947-07-19,2024-10-29,PJ,29233.77,20260710
516,REBEKAH STOUT,Liechtenstein,West Stephen,Evans Branch,79511,(22)39988-3223,1994-08-14,2025-01-30,PF,8390.33,20260710
519,JENNIFER LINDSEY,Jamaica,East Nicholaschester,Burch Spur,2143,(26)36527-4929,2002-04-21,2025-01-19,PJ,81138.02,20260710
520,ANTHONY GARCIA,Azerbaijan,South Christopherbury,Vazquez Manor,639,(68)55657-4626,2005-05-01,2024-12-05,PF,9741.96,20260710
522,RACHEL WILSON,New Caledonia,Higginsport,Dawn Square,276,(61)86116-8841,2005-05-20,2024-11-05,PJ,72638.90,20260710
526,VICTOR GILES,Cuba,Villanuevashire,Michael Estate,8013,(66)38318-1497,1966-06-14,2024-08-13,PJ,65920.04,20260710
530,ALAN HUMPHREY,Belgium,Dianeshire,Wu Inlet,80620,(11)55935-5396,1963-12-18,2024-11-28,PJ,67695.14,20260710
532,KEITH GRAHAM,Dominican Republic,Jesusville,Arthur Spurs,7145,(71)39913-6048,1965-01-02,2025-01-07,PF,8495.97,20260710
536,MANUEL MASSEY,Timor-Leste,New Christopherton,Murphy Key,49,(83)22426-7830,2004-12-20,2025-02-25,PJ,44052.91,20260710
537,RYAN BERRY,Korea,Farmerside,Christina Radial,28,(34)25845-4933,1960-01-13,2025-02-06,PF,1401.51,20260710
538,BRITTANY MYERS,Guatemala,Lake Lisa,Alicia Course,175,(52)32078-3683,1999-07-13,2024-05-11,PF,9732.26,20260710
540,ERIK JAMES,Belize,West Bethchester,Morris Ville,90,(67)98889-2164,1947-07-14,2024-08-06,PJ,63091.42,20260710
545,BRANDY OCONNOR,Cote d'Ivoire,Carolinebury,Sanders Pine,20361,(69)64238-5345,1991-01-03,2024-05-25,PJ,77185.58,20260710
546,MELISSA BAKER,Ethiopia,Port Jeremiah,Rivas Gardens,5783,(86)44114-2915,1979-08-16,2024-12-18,PF,3092.78,20260710
548,KAREN CISNEROS,Monaco,Lake Gabriellestad,Singleton Skyway,6230,(12)91769-8007,1983-09-18,2024-08-29,PF,3791.25,20260710
553,SEAN TAYLOR PHD,Portugal,Derrickshire,Brown Village,77176,(35)40296-2920,1993-06-29,2024-10-14,PJ,83547.55,20260710
555,COLLIN REILLY,Japan,East Samantha,Horton Points,55,(29)42885-2521,1950-03-06,2025-02-20,PF,1138.81,20260710
557,HEATHER SMITH,Botswana,Brendaton,Deleon Road,3786,(80)34944-6443,2005-09-06,2025-01-16,PF,4716.57,20260710
561,HALEY HARRIS,Swaziland,Michaeltown,Marsh Stravenue,562,(71)90455-9956,1963-02-05,2024-11-04,PJ,48874.57,20260710
562,KEVIN JACKSON,Turks and Caicos Islands,Richardton,Jonathon Locks,564,,2004-11-07,2024-10-19,PF,5917.19,20260710
563,BRANDON MILLER,Slovakia (Slovak Republic),Steventon,Aaron Inlet,841,(91)69575-4977,1966-01-24,2024-09-27,PJ,83918.35,20260710
566,DAVID RAMSEY,United States Minor Outlying Islands,Westview,Samuel Wells,10905,(22)34425-3645,1949-11-27,2024-06-12,PJ,41512.28,20260710
570,DONNA MASON,Faroe Islands,Gallowayland,Glass Isle,2716,(29)38288-7707,2007-02-14,2025-01-31,PJ,41471.54,20260710
571,NICOLE AUSTIN,Togo,North Johnstad,Moore Turnpike,4368,(97)41023-1357,1980-04-13,2025-03-22,PJ,13000.86,20260710
572,MATTHEW BARTON,Liberia,Port Adam,Osborn Terrace,216,(12)39248-5812,2000-10-17,2024-10-11,PF,7938.22,20260710
577,DIANE CLARK,Uzbekistan,Ryanport,Oliver Mall,64696,(51)99850-5357,1960-05-06,2024-06-08,PJ,36763.22,20260710
583,MEGAN CONLEY,United States Virgin Islands,Austintown,Clark Mews,6660,(69)11431-2988,1994-04-28,2024-11-24,PJ,63016.95,20260710
585,SHARON ATKINS,Azerbaijan,South David,Brenda Rest,19952,(55)63108-5198,1948-06-30,2024-10-13,PJ,82254.44,20260710
586,PAMELA PARKER,Saint Helena,Lake Kellyburgh,Richard Fork,52377,,1952-07-02,2024-10-31,PF,8305.58,20260710
588,JENNIFER GONZALES,Yemen,West Justinhaven,Brown Gateway,53965,(30)53008-7963,1968-01-21,2025-04-04,PF,8738.53,20260710
593,KATELYN RAMOS,Guinea,Port Jennifer,Daniel Extension,79670,(54)43999-3979,1950-10-29,2025-02-13,PJ,92955.34,20260710
597,KRISTEN SMITH,Mauritius,Cherylburgh,Donna Prairie,717,(45)43938-8620,1946-05-15,2024-09-07,PF,5705.09,20260710
601,STEPHEN WHITE,Thailand,New Melindaton,Williams Road,40,(89)87331-2353,1969-05-09,2025-03-11,PF,1488.53,20260710
609,JAY CRUZ,Cayman Islands,East Evanstad,Ray Row,46806,(54)43595-2138,1988-07-28,2025-03-23,PF,5674.18,20260710
610,MARK KLINE,Cyprus,Phillipberg,Rebecca Island,468,,1975-12-08,2024-06-03,PF,6846.95,20260710
613,MR. TIMOTHY BENTLEY,Papua New Guinea,Singhbury,David Rapids,6854,(52)13825-8600,1971-09-10,2024-07-29,PF,8404.25,20260710
616,SAMANTHA PATEL,Namibia,South Ellenside,David Ways,6684,,1957-02-09,2024-08-08,PJ,70855.94,20260710
617,ROBIN WILLIAMS,Iran,Lake Kathrynstad,Kristin Via,4099,(75)78442-4305,2005-03-04,2025-03-09,PJ,58856.22,20260710
618,TAMMY SMITH,Hong Kong,Emilyshire,Brooks Spring,959,(55)33574-9897,1975-02-17,2024-07-03,PJ,20647.75,20260710
620,TRACY GENTRY,Tanzania,Lake Joshuabury,Lambert Stream,13392,(82)40503-3445,1957-11-21,2024-09-21,PF,8844.37,20260710
621,KATHERINE KIRK,France,Port Joseph,Mark Fall,2014,(27)89562-2811,1981-06-12,2024-07-09,PF,5442.51,20260710
624,RICHARD PETERS,Sudan,Emmaton,Patty Pike,81568,(45)88230-7207,1997-02-13,2024-08-20,PJ,56725.63,20260710
625,KAREN MURRAY DDS,Liberia,Parkershire,Kimberly Centers,4773,(48)16835-6599,1981-05-29,2024-11-28,PF,8666.89,20260710
626,RACHEL ALEXANDER,Cocos (Keeling) Islands,South Emilyfurt,Alexis Rapids,4426,(66)31099-3974,1973-05-21,2024-11-11,PF,3068.61,20260710
627,GABRIELLA MATHIS DDS,Croatia,Christopherfurt,Anderson Lock,232,,1992-03-13,2024-09-08,PF,5753.37,20260710
629,ERIC FOSTER,Micronesia,Andreachester,Kennedy Green,58947,(87)99028-3400,1985-04-20,2024-08-16,PJ,99825.91,20260710
630,MARK BECKER,Svalbard & Jan Mayen Islands,Amytown,Yvonne Forks,403,(81)42056-3981,1961-09-27,2024-06-08,PJ,51553.12,20260710
631,FRANK MURPHY,Bouvet Island (Bouvetoya),Reevesside,Ivan Creek,416,(86)71659-2790,2004-09-23,2025-03-16,PF,4436.59,20260710
632,BENJAMIN HENDERSON,Hong Kong,West Stevenchester,Allison Glen,9781,(47)11719-9668,1953-12-30,2024-09-29,PJ,70522.64,20260710
635,GINA WEAVER,Turkmenistan,Fergusonstad,Fuller Trafficway,4507,(58)47133-8589,1967-07-21,2024-09-04,PF,1112.04,20260710
636,SUSAN ROBERTSON,Turks and Caicos Islands,North Amandaville,Johnson Expressway,9896,(54)89442-3829,1978-12-04,2025-02-02,PJ,60682.59,20260710
638,ADAM GROSS,Guinea,Jeremystad,Walker Skyway,321,(10)11651-8643,1981-09-19,2024-05-19,PF,4877.12,20260710
641,TERESA COLLINS,Israel,Lake Katherine,Joseph Plaza,4174,,1954-11-10,2024-11-25,PJ,72213.69,20260710
646,MEGHAN ADAMS,Trinidad and Tobago,Jamiefurt,Barber Glens,28086,(88)92365-1315,1977-10-29,2025-02-04,PJ,16441.93,20260710
648,SAMANTHA SPENCE,Poland,East Ann,Collins Cape,93089,(43)34565-5155,2000-05-30,2024-09-20,PF,2743.86,20260710
650,LISA GUZMAN,Saint Kitts and Nevis,New Brandon,Penny Island,98,(44)36285-6997,1998-08-06,2025-03-03,PJ,33578.76,20260710
652,KATHLEEN SINGH,Netherlands Antilles,Wallaceberg,Harper Mews,60906,(50)66728-8677,1964-05-31,2025-03-14,PJ,40267.55,20260710
657,KATELYN HOGAN,Seychelles,Jamesville,Berry Creek,8393,(80)71640-4721,1959-04-22,2024-04-19,PF,4765.10,20260710
658,KRISTY HUBER,Pitcairn Islands,Lyonstown,Antonio Villages,900,(37)84216-3351,1958-10-05,2024-10-03,PJ,69945.52,20260710
663,CYNTHIA MARTINEZ,Oman,South Barryburgh,Robinson Cliff,80295,(48)61421-5841,1975-12-15,2024-12-01,PJ,91752.25,20260710
664,GLORIA MORTON,Ecuador,East Robert,Scott Orchard,7577,(39)35536-5821,1978-04-15,2024-12-18,PJ,28160.88,20260710
667,HAROLD KNIGHT,Niue,New Laurenland,Ruiz Lodge,24704,(55)76374-5009,1997-02-27,2024-12-09,PF,7394.54,20260710
668,JERRY BEARD,Liechtenstein,Mortonbury,Michael Common,992,(70)95333-5705,1993-09-02,2025-03-06,PF,7545.90,20260710
672,JOSEPH LEE,Dominica,New Petershire,Matthew Locks,46903,(17)66298-5397,1985-08-05,2024-04-18,PJ,29422.31,20260710
679,NORMA THOMAS,Haiti,Lake Charles,Jonathan Ridge,75575,(18)47744-6136,1983-07-11,2024-05-23,PF,1085.21,20260710
684,CHRISTIE COX,United States Virgin Islands,Campbellland,Theresa Court,18135,(69)43273-6031,1969-08-31,2024-10-23,PJ,11773.61,20260710
686,ANGELA GARRETT,Spain,West Richardville,Hanson Falls,992,(20)76919-3322,1948-10-14,2024-12-20,PJ,31773.20,20260710
687,GEORGE CARLSON,Korea,Perezshire,Jason Circles,42747,(33)90125-2624,1967-04-14,2024-11-20,PJ,13652.07,20260710
689,LESLIE DURHAM,Costa Rica,New Desireetown,Holland Village,470,(29)46655-2939,1985-06-02,2024-04-24,PF,3377.07,20260710
691,JOSEPH JACKSON,Luxembourg,East Tiffany,Matthews Trail,89767,(42)27758-6991,1964-06-20,2024-12-27,PJ,32978.88,20260710
693,LISA SMITH,Puerto Rico,Gomezview,Shelly Lock,641,(28)22329-1566,1988-09-02,2024-11-10,PJ,32045.37,20260710
694,JENNIFER CARROLL,French Guiana,Port Tinaland,Smith Cliffs,7237,(91)34114-1230,1971-07-14,2024-11-17,PF,6455.90,20260710
697,JACKIE PETERSON,Nicaragua,North Jason,Campbell Tunnel,3364,(32)76767-5214,2003-04-21,2024-10-12,PF,2530.78,20260710
698,ROBERT HARRISON,Kuwait,Howellmouth,Jennifer Greens,451,(88)97993-7556,1957-01-31,2024-12-14,PJ,54673.44,20260710
699,TERRANCE JACKSON,Guyana,Danielfurt,Donna Street,17597,(37)17394-5699,1952-03-20,2025-02-25,PF,1900.19,20260710
700,ANITA BARNES,Libyan Arab Jamahiriya,East Nancybury,Boyd River,83737,(16)35301-8530,1957-03-02,2024-06-25,PJ,68181.62,20260710
703,JILL CAMERON,Luxembourg,New Frank,Blake Estate,47213,(12)31150-5176,1945-09-12,2024-07-11,PJ,79327.40,20260710
706,TANYA BALDWIN,Albania,Annetteton,Martinez Vista,213,,1966-11-03,2025-01-29,PJ,87395.88,20260710
708,BRANDON SULLIVAN,Pitcairn Islands,Port Lindaport,Kelly Vista,845,(71)33035-6497,2001-12-27,2025-02-10,PF,7323.73,20260710
711,WARREN WHITE,Ethiopia,Terryhaven,Joseph Vista,1437,(96)35986-8188,1962-04-17,2024-10-17,PJ,65224.93,20260710
712,RYAN HOLLAND,Nauru,Amandashire,Johnson Ways,4109,(29)79186-6673,1952-11-09,2024-10-24,PF,4487.25,20260710
725,SHANNON WRIGHT,Anguilla,Taylorbury,Lindsey Forest,7168,(61)90465-5860,1998-07-23,2024-07-24,PF,6993.77,20260710
730,CLAYTON WILKINS,Switzerland,Carlmouth,Kelly Roads,8131,(82)71606-4660,2000-05-28,2024-06-27,PF,4217.92,20260710
731,DIANE PAYNE,Grenada,Saraburgh,Vincent Shores,749,(11)49227-7283,1951-10-25,2025-03-05,PJ,82833.96,20260710
734,JOHN WALTER,Congo,West Miranda,Richardson Inlet,75977,(78)19194-6187,1945-01-06,2024-12-01,PF,1105.80,20260710
735,VICTORIA GALVAN,Uruguay,Jasonshire,Owens Trafficway,710,(21)30216-7996,1955-02-21,2024-04-20,PF,8885.21,20260710
736,JOSEPH ROMERO,Tunisia,Gonzalesmouth,Perkins Route,24528,(93)79048-5217,1994-05-13,2025-01-07,PF,9450.49,20260710
738,ANGELA PETERSON,Japan,Thompsonville,Lopez Lights,87354,(59)76553-1280,1967-12-03,2024-06-14,PF,9743.98,20260710
739,JENNIFER BLAKE,Chad,Blackland,Jesse Forge,3169,(45)14030-9976,1981-04-03,2024-10-27,PF,4140.82,20260710
740,MONIQUE MURPHY,Turkey,Estesbury,Robert Grove,5323,(28)46160-6352,2002-01-07,2024-07-06,PF,1621.20,20260710
746,ELIZABETH MARTIN,Slovenia,West Sarah,Stewart Crossroad,12504,(55)65757-7238,2001-10-29,2024-09-10,PF,4955.36,20260710
750,HEIDI MATHEWS,Zimbabwe,Garciaburgh,Andrew Square,832,(24)85518-5950,1961-03-22,2025-01-03,PF,2915.78,20260710
751,ANNA VELAZQUEZ,Somalia,Morganchester,Barber Field,752,(82)43893-9949,2001-01-16,2024-12-19,PJ,19622.15,20260710
754,THOMAS JOHNSON,Mexico,East Kevinton,Jones Mills,47489,,1968-05-28,2024-12-26,PF,6030.12,20260710
760,GARY DUNCAN,Burkina Faso,Aprilview,Lang Row,4702,(23)56163-1500,1985-07-29,2025-03-18,PJ,91410.83,20260710
762,DR. BIANCA KIM,Turks and Caicos Islands,Ewinghaven,Angela Parks,1225,(43)83287-9950,1963-01-01,2024-06-11,PF,1001.09,20260710
763,JUSTIN HUNTER,Rwanda,West Joseph,Linda Walks,752,(80)97036-1375,1958-08-15,2024-09-28,PF,9163.69,20260710
765,MARY SCOTT,Panama,East Beth,Mark Light,997,(16)53580-1790,1979-10-08,2024-12-05,PF,7174.28,20260710
767,LANCE SWEENEY,Gabon,Port Bethbury,Pollard Ranch,5747,(56)48552-4296,1997-04-09,2024-10-22,PF,2754.12,20260710
769,FRANCES MORGAN,Finland,Rileystad,Jean Points,1027,(24)42071-9637,1945-02-06,2024-09-28,PJ,47942.55,20260710
770,RYAN PATTERSON,Korea,Leeland,Butler Viaduct,44437,(67)73285-8466,1968-08-28,2024-05-15,PJ,88735.22,20260710
771,BRENDA CONLEY,Latvia,Baileyville,Sarah Corner,6563,(31)18392-1930,2000-09-26,2024-12-26,PF,3072.97,20260710
776,JAMIE MIRANDA,Anguilla,West Ryan,Jose Turnpike,6718,(78)68949-4664,1958-05-09,2024-08-08,PF,7291.63,20260710
778,TERESA MONTES,Solomon Islands,Atkinsberg,Devon Path,357,(59)58759-6478,1991-04-24,2024-08-23,PF,4609.77,20260710
779,DANIEL SCHMIDT,Japan,New Courtney,Petty Dam,66077,(57)30432-2711,1996-01-04,2025-01-08,PJ,67113.62,20260710
781,MICHAEL GREEN,Mauritania,Janeton,Travis Ford,77231,(36)55246-4916,1952-09-07,2024-12-04,PJ,95198.79,20260710
784,HEATHER ONEAL,Uganda,Port Jasonfort,Foley Radial,164,(27)50985-8792,2003-01-10,2024-08-08,PF,4311.66,20260710
786,BRIAN HARMON,Burkina Faso,Port Stephanie,Claire Islands,809,(73)89863-8367,1962-01-20,2025-03-23,PF,9533.60,20260710
792,MELISSA OLSON,Malaysia,Gonzalesbury,Jamie Mill,234,(88)82189-7085,1963-02-17,2024-09-26,PF,3326.07,20260710
793,RUSSELL MILLER,Andorra,Brianton,David Manors,5068,(84)37398-6693,1955-01-30,2024-04-08,PF,8640.76,20260710
794,AMY MYERS,Belgium,Shermanshire,Justin Crossroad,4011,(34)74261-9946,1948-07-16,2024-11-19,PJ,47840.72,20260710
795,CHRISTY MARTIN,Lesotho,Port Andre,Palmer Summit,56360,(42)58588-5589,1972-02-07,2024-04-18,PF,9768.59,20260710
798,DEBORAH SULLIVAN MD,Uzbekistan,Monicatown,Jonathan Views,15738,(59)79532-8138,1950-12-04,2024-05-10,PJ,84088.51,20260710
801,MARIA MILLER,Marshall Islands,Lake Nathanielshire,Johnson Square,1829,(14)33220-9882,1960-09-14,2025-01-09,PJ,13112.40,20260710
804,JOSEPH RIOS,Venezuela,West Nicholas,Guerrero Burg,9214,(73)33266-8263,1970-07-17,2024-10-01,PF,7300.46,20260710
805,NICOLE RHODES,Colombia,West Joshuaborough,Shelton Branch,2283,(96)83737-4064,1947-02-07,2024-05-22,PJ,97289.99,20260710
806,GINA LITTLE,Saint Helena,New Amandaberg,Megan Crossing,938,(26)65174-4173,1965-04-22,2024-12-06,PJ,60251.39,20260710
807,ERNEST FERGUSON MD,Slovakia (Slovak Republic),South Ashleyland,May Circle,513,(36)93656-3348,1966-07-15,2025-01-17,PJ,35124.05,20260710
809,BLAKE TORRES,Lebanon,Markshire,Jeremy Motorway,7313,(18)65685-3871,1968-11-10,2025-03-21,PF,5480.67,20260710
811,DANIEL MAYER,Finland,Kimberlyville,Berger Village,9732,(99)15894-4054,1954-04-17,2024-07-01,PF,4799.15,20260710
813,KRISTIN MENDOZA,Sierra Leone,East Sheila,Smith Branch,3433,,1948-08-21,2024-10-19,PF,6830.37,20260710
815,LISA FINLEY,Saint Helena,Port Evelyn,Debra Burg,5921,(37)29422-3100,1965-12-27,2024-07-21,PF,7517.61,20260710
817,MR. EDWARD MULLINS,Gibraltar,East Candiceberg,Whitehead Summit,325,(54)38492-9178,1978-03-28,2024-06-01,PJ,88598.77,20260710
820,DENISE HAYDEN,China,Tonyafurt,Anderson Springs,688,(88)40701-9269,1984-04-25,2025-01-31,PJ,31045.60,20260710
824,STEPHANIE THOMAS,Israel,Josephport,Thomas Court,6,(75)27878-4243,1966-12-25,2024-04-12,PF,8891.20,20260710
825,SAMANTHA NEWMAN,Belgium,Coxmouth,William Mills,9018,(18)14240-2788,1994-09-07,2025-01-12,PJ,18780.19,20260710
827,MARK PHILLIPS,Niue,Lake Tyler,Patricia Plain,363,(86)57617-1656,1998-06-12,2024-12-24,PJ,27763.12,20260710
830,JIM DAVIS,Korea,Brandimouth,Jose Centers,958,(37)96558-6613,1995-04-17,2024-08-25,PF,4576.40,20260710
831,EMILY CHAVEZ,Mayotte,East Jillbury,Brittany Shores,68311,(12)25046-4766,1956-02-24,2024-04-06,PJ,70292.03,20260710
836,CHRISTINA HENDERSON,Thailand,Lake Lisaland,Jeffrey Square,17229,(26)26295-4753,2005-09-12,2024-09-24,PF,1087.34,20260710
839,TAMMY VARGAS,Israel,North Michelleborough,Henderson Rest,3543,(38)21876-7659,1973-02-09,2024-12-01,PF,2169.75,20260710
841,ROBERT WILLIAMS,Luxembourg,Katherineside,Jennifer Lock,3951,(63)75324-6105,1979-05-31,2024-08-21,PJ,30714.16,20260710
844,TARA DAVID,India,Jamesland,Macias Fall,602,(32)44035-7673,1961-10-18,2024-12-02,PF,8712.77,20260710
845,DOROTHY BAILEY,Mauritania,Port Greggton,Lauren Lakes,77750,(96)76364-5465,1959-08-30,2024-09-02,PF,8836.90,20260710
846,AMBER GRIFFITH,Solomon Islands,North Andrewtown,Monroe Cape,789,(62)94539-3760,2004-03-27,2025-03-28,PJ,62122.87,20260710
847,MARY KIM,Panama,Brownfort,Martinez Mount,150,(82)99269-7123,2000-07-05,2025-01-21,PF,8810.05,20260710
849,PATRICIA SKINNER,Malawi,East Sarahborough,Jason Mountains,73,(43)43571-6159,1971-02-19,2024-12-28,PJ,72006.70,20260710
850,ALICE HENRY,Norway,Johnberg,Myers Mission,3757,(39)80833-1622,1974-01-27,2025-02-23,PJ,73877.90,20260710
854,DAVID OLIVER,Russian Federation,New Leslieborough,Stark Trail,9297,(93)51130-8572,1965-07-26,2024-06-03,PF,6438.25,20260710
855,DAVID PETERS,Zimbabwe,Davidland,Jessica Forge,306,(74)63975-3499,1975-11-17,2024-12-15,PF,1771.47,20260710
856,ELIZABETH WATSON,French Southern Territories,Port Christopher,Yvonne Rest,9999,(29)94202-8233,1976-09-10,2024-08-27,PJ,97549.74,20260710
858,STEVEN SMITH,Burkina Faso,Duncanchester,Connie Isle,5292,(58)53471-1724,2003-03-30,2024-12-26,PJ,83624.86,20260710
860,JOHN LEE,United Kingdom,Rodriguezton,Hughes Roads,6971,(66)34399-7549,1977-06-12,2024-12-22,PF,6155.31,20260710
862,DEBRA NICHOLS,Samoa,Markchester,Mclean Hill,90943,(38)95828-6419,1955-10-18,2024-10-08,PJ,79125.91,20260710
863,JUSTIN REED,Haiti,Banksland,Sandra Village,95411,(31)83492-3220,1982-06-11,2025-02-12,PF,9359.47,20260710
876,ASHLEY JOHNSON,Bahrain,Rickyville,Gordon Views,56573,,1974-11-30,2024-06-29,PF,8385.45,20260710
878,JENNIFER JARVIS,Norfolk Island,Port Carol,Wesley Path,75348,(19)74296-2329,1988-06-14,2025-03-30,PJ,64601.98,20260710
882,GREGORY MILLER,Saint Kitts and Nevis,East Elizabethmouth,Lewis Lane,490,(53)27282-4137,1948-04-02,2024-07-29,PJ,10415.43,20260710
883,AMANDA REED,Lebanon,North Beth,Margaret Groves,32409,(97)81268-3929,1998-04-04,2024-05-22,PJ,39908.07,20260710
884,ROBERT FERNANDEZ JR.,United Arab Emirates,South Joe,Cook Spring,355,(54)90578-4152,2002-09-20,2025-03-04,PF,1876.55,20260710
887,DIANE DAVIS,Maldives,South Kevin,Angela Squares,879,(87)16500-8842,1973-01-10,2024-10-18,PJ,16673.63,20260710
892,ROBERT STOKES,Saint Kitts and Nevis,Ashleyview,Ryan Light,27161,(17)86402-3349,1992-12-18,2024-06-10,PJ,74177.54,20260710
895,KATHLEEN SINGH,Kiribati,Robertshire,Jessica Courts,146,(76)13595-8889,1999-06-11,2024-04-05,PF,1545.64,20260710
896,CAITLIN FOSTER,Niue,West Cynthia,Sylvia Lake,31674,(53)52449-3289,1944-06-24,2024-06-02,PJ,11562.60,20260710
898,KATHRYN CHANG,Monaco,Alyssaton,Luke Trace,534,(61)75942-5752,1992-06-07,2024-09-09,PJ,22084.88,20260710
899,JENNIFER HARRISON,Saint Helena,Victoriaton,Cooper Lock,6654,(28)45863-2161,1953-10-16,2024-06-17,PJ,34850.78,20260710
901,CHRISTOPHER FERNANDEZ,Belarus,Choistad,Tran Spur,63790,(14)25697-4045,1983-05-19,2025-01-03,PF,3234.73,20260710
902,VICTORIA VASQUEZ,Puerto Rico,South Matthew,Karen Stream,566,(30)77662-4216,1987-08-13,2024-07-11,PF,2307.60,20260710
904,KEITH RIDDLE,France,West Jenniferfort,Megan Shoal,58273,,1970-01-31,2024-04-30,PF,5833.75,20260710
906,KATRINA JACKSON,Antigua and Barbuda,South Mario,Heather Mews,84569,(35)89726-1957,1986-06-08,2024-06-10,PJ,17410.58,20260710
908,ERICA YATES,Belarus,Rodriguezland,Nelson Common,70596,(39)88835-4361,1993-09-06,2025-03-09,PJ,28548.18,20260710
909,SCOTT MANN,Tajikistan,Grahamshire,Flores Lock,30064,(18)38418-1574,1972-02-28,2024-10-11,PJ,23417.81,20260710
919,MELISSA LAM,Cocos (Keeling) Islands,Gregoryport,Brown Haven,82517,(85)71479-9933,1990-12-03,2024-12-30,PJ,99558.91,20260710
920,TERESA WILLIAMS,Mongolia,East Timothy,Chavez Alley,1198,(72)91586-1773,1949-09-11,2025-03-11,PJ,95993.86,20260710
921,BECKY LOPEZ,Denmark,East Johnberg,Wang Way,563,(97)65501-6606,1996-04-14,2024-07-27,PJ,28106.83,20260710
922,AUTUMN OBRIEN,Cook Islands,South Elizabethmouth,Danny Station,2561,(19)14655-2175,1964-07-02,2024-05-12,PJ,52469.49,20260710
925,CHRISTIAN GATES,San Marino,North Justin,Wiley Oval,1775,(43)10620-9772,1945-10-26,2024-11-19,PJ,37453.89,20260710
930,SUSAN STEWART,Congo,Caseyburgh,Dixon Ranch,815,(96)82417-6653,1970-05-06,2024-09-09,PF,7080.33,20260710
931,BENJAMIN JOHNSTON,Mexico,Martinbury,Green Knolls,224,(77)58782-1053,1964-01-17,2025-03-28,PJ,42832.80,20260710
932,KURT PETERSON,Honduras,Port David,Arias Oval,101,(93)75293-1647,1973-03-17,2024-05-25,PF,9309.84,20260710
936,MARK JOHNSON,Timor-Leste,Murrayberg,Jorge Knolls,3778,(64)64110-1838,1945-11-23,2025-02-09,PJ,76835.10,20260710
937,WILLIAM DURAN,China,South Blakeborough,Duran Glen,36627,(23)91967-3246,1970-08-05,2025-01-24,PF,5439.03,20260710
938,TINA MCGUIRE,Argentina,South Aimeemouth,Johnson Alley,79882,(32)90218-4446,1945-04-12,2024-04-28,PJ,30761.34,20260710
941,CODY ESTES,Kiribati,Stephaniefurt,Sloan Forge,8872,(10)45515-6060,1953-02-03,2024-10-16,PF,4765.18,20260710
942,LISA FLEMING,Peru,North Christopher,Robbins Ford,92197,(27)47069-3796,1946-05-03,2025-01-13,PF,2666.96,20260710
948,TIMOTHY MALONE,Grenada,North Annechester,Walker Rapid,970,(19)76363-4201,1997-07-25,2024-07-17,PF,1844.48,20260710
949,REBECCA RICHARDS,Comoros,Fletcherview,Crawford Course,1346,(36)44500-3651,2003-12-26,2024-07-03,PF,7448.16,20260710
952,WILLIAM DIAZ,Egypt,Shannonfort,Robinson Neck,41572,(63)28881-5927,1965-06-17,2024-04-11,PF,8641.15,20260710
956,DERRICK CERVANTES,Peru,East Christopher,Susan Springs,9170,(98)73139-9419,1957-07-21,2025-03-22,PJ,73738.87,20260710
959,KIMBERLY DAWSON,Nepal,Breannaport,Hayes Green,77948,,1953-07-13,2024-06-08,PJ,46536.41,20260710
960,CAITLYN FOWLER,Isle of Man,New Kylieton,Nguyen Locks,6422,(96)94799-9529,1990-12-29,2024-12-16,PF,4976.13,20260710
962,ELIZABETH PRICE,South Georgia and the South Sandwich Islands,Ernestmouth,Eric Cape,366,(64)26681-3060,1964-09-28,2024-04-13,PF,4949.37,20260710
965,LISA MCKINNEY,Netherlands Antilles,Troyborough,Rebecca Track,8380,(70)20831-8173,1988-12-25,2024-08-03,PF,1005.60,20260710
968,ALEX WATSON,Vanuatu,Catherinebury,Hutchinson Spurs,7238,(91)45677-2170,2003-03-22,2024-06-21,PJ,30021.50,20260710
970,LEVI DIAZ,Palestinian Territory,Johnborough,Curtis Trafficway,890,(35)15373-5311,1979-08-17,2025-01-06,PF,1968.06,20260710
972,MARK HERNANDEZ,Western Sahara,South Stephenberg,William Circle,20819,(99)12029-9967,1972-11-18,2025-03-18,PF,9487.63,20260710
975,LINDSEY LEWIS,Cook Islands,East Josephfurt,Dunn Groves,660,(30)47422-4038,1946-03-13,2025-03-23,PJ,54144.95,20260710
976,MICHAEL CRAWFORD,Wallis and Futuna,Lake Margaretside,Hancock Union,50782,(97)53174-9637,1960-09-25,2024-10-11,PF,2620.88,20260710
977,KAREN HILL,Suriname,Lake Timothyside,Morgan Green,5226,(79)29781-4596,1998-04-23,2024-07-23,PJ,78994.95,20260710
979,MELISSA DURHAM,Togo,New William,Smith Rapids,53110,(45)44413-8880,1983-08-22,2024-07-05,PJ,26504.10,20260710
980,DIANA WILLIAMS,Bermuda,Frankborough,Nguyen Bridge,15217,(30)19810-8705,1945-11-09,2025-04-02,PF,1438.95,20260710
982,KEVIN MARTIN,Australia,North Heatherberg,Drew Crossing,90,(56)37397-3738,1998-02-05,2024-08-14,PJ,17972.57,20260710
983,ANTHONY WILLIAMS,Bermuda,Brooksfort,Martin Plaza,315,(87)16254-4027,1959-09-13,2024-06-04,PF,5782.81,20260710
984,MEGAN SCHULTZ,Saint Helena,West Justin,Myers Road,660,,1989-06-01,2025-02-21,PJ,51332.52,20260710
985,BRIAN YANG,Uruguay,Glennview,Medina Road,307,(25)96902-6898,1975-07-11,2024-06-18,PF,8524.82,20260710
986,JILL WILLIAMS,Korea,Potterfurt,Alex Brook,19780,(76)70730-7717,1992-04-12,2024-05-26,PF,5373.14,20260710
989,GARY MALDONADO,Brazil,Lutzstad,Jennifer Trail,549,(49)48763-5968,1967-11-28,2024-08-27,PF,2869.24,20260710
990,JAMES SANTANA JR.,Guadeloupe,Ryanbury,Alice Fall,99588,(93)67351-2127,1988-08-09,2024-09-24,PJ,64187.30,20260710
994,DANIEL WIGGINS,Aruba,Port Timothyland,Todd Cliff,930,(26)99375-2605,1998-12-27,2024-11-04,PJ,49324.28,20260710
996,SOPHIA JOHNSON,Martinique,Castanedaberg,Darryl Drive,6472,(90)83227-3444,1963-01-11,2024-07-11,PF,6251.76,20260710
998,ERIC CAMACHO,Saint Lucia,Lopezfort,Vazquez Burgs,7444,,1949-04-15,2025-03-31,PF,8360.09,20260710
1000,MICHAEL OWENS,Zambia,Chaneyland,Jennifer Crossroad,8373,(75)81616-4893,1988-11-15,2025-03-06,PJ,86772.41,20260710
